"","recordID","gender","productType","age","ttm","gbAmt","gmwbBalance","wbWithdrawalRate","withdrawal","FundValue1","FundValue2","FundValue3","FundValue4","FundValue5","FundValue6","FundValue7","FundValue8","FundValue9","FundValue10","fmv"
"302",302,"M","ABRP",52.7013698630137,8.83835616438356,273636.46379,0,0,0,19215.587273,21921.911759,10956.274113,9874.364419,20957.630811,20536.704622,14684.169962,14392.506514,13756.279676,16711.551236,72574.188507
"958",958,"M","ABRP",58.7068493150685,21.7643835616438,436788.276659,0,0,0,53237.197419,47086.891665,37084.147067,32995.862885,39072.037098,50774.196199,44566.012971,42215.438943,39971.486203,41739.891231,-6723.126063
"1530",1530,"M","ABRP",42.1945205479452,9.00547945205479,393770.42971,0,0,0,23049.056326,28152.881066,12111.506863,14373.165634,31399.875771,25347.89824,16926.631601,19114.522694,15932.143435,21838.865817,128281.509811
"1786",1786,"M","ABRP",56.5369863013699,20.6,195454.226448,0,0,0,0,21210.999127,11324.277405,12797.161531,17679.247927,21229.901069,15547.970381,16844.541216,13821.774444,16912.974901,9527.809343
"1871",1871,"M","ABRP",61.041095890411,10.0904109589041,302727.942538,0,0,0,32062.996625,34015.634638,18896.923995,11647.001588,24002.906307,33166.438869,24864.554044,20054.152413,22917.422687,23731.577003,35375.305554
"1937",1937,"F","ABRP",46.5315068493151,19.3479452054795,263614.626999,0,0,0,39557.905097,38181.001877,30095.229005,22691.420805,27048.420132,39045.299822,34590.70299,30075.104224,32415.50344,0,-1591.360158
"3007",3007,"M","ABRP",39.9452054794521,17.9287671232877,258866.12912,0,0,0,34760.626714,31144.185005,24283.78671,21513.20661,25776.744364,0,29136.473333,27540.051388,26250.178885,27379.407654,6186.401264
"3204",3204,"F","ABRP",55.7041095890411,19.9287671232877,170205.811439,0,0,0,19183.964663,18847.060962,17779.211735,15252.381141,16395.642354,19061.251255,18477.083596,17131.085759,18107.093734,17465.579931,-1358.287367
"3619",3619,"F","ABRP",45.6958904109589,10.0904109589041,249836.874221,0,0,0,20811.307616,23180.784035,0,10231.385203,21655.264454,22015.243401,16538.57613,15243.055662,15613.936342,17952.568249,57007.216943
"4201",4201,"M","ABRP",46.0301369863014,18.9287671232877,152241.10587,0,0,0,14701.691783,14461.264284,7747.771055,9286.302572,12341.561429,14683.049229,10744.452343,11984.04518,9441.891858,11787.57233,11987.180631
"4228",4228,"F","ABRP",57.7041095890411,19.1808219178082,402527.160069,0,0,0,38401.539946,34585.804867,22064.208418,20390.301793,33976.39998,37087.249284,29360.802549,28804.785774,25587.814948,30219.701278,31425.129379
"5877",5877,"F","ABRP",59.6219178082192,8.42465753424658,236325.244426,0,0,0,17259.817855,22327.455148,9683.851346,9519.908694,20481.690435,19414.22038,0,13433.613868,12694.211622,15871.561343,64722.73642
"6525",6525,"F","ABRP",52.7835616438356,9.17260273972603,275593.504642,0,0,0,29134.703525,31238.543262,17389.31979,10560.546764,21841.654811,30265.200675,22736.528066,18202.855559,21076.25161,21660.974103,39093.584438
"7115",7115,"F","ABRP",39.1945205479452,19.5150684931507,266290.36355,0,0,0,27736.194259,26491.1722,26442.443528,26321.520889,26480.691956,27243.250926,27084.089852,27035.881968,26469.924849,26713.355201,2582.411283
"7712",7712,"M","ABRP",46.2821917808219,18.1808219178082,374655.961059,0,0,0,54627.741943,52791.803803,31419.704143,25373.480358,32143.356954,54077.482065,41617.585359,37722.50873,36983.286499,38219.836468,36.141742
"7896",7896,"M","ABRP",56.8712328767123,15.9260273972603,388460.254091,0,0,0,0,45374.503474,28829.69686,16870.201149,34163.648437,45303.502657,36192.714672,28301.721321,33555.286061,33596.653724,31160.184443
"8147",8147,"M","ABRP",41.2794520547945,10.3424657534247,160553.605557,0,0,0,17588.473227,16466.037037,0,7562.583489,14490.908346,17281.690563,13907.192065,11892.622924,12438.01702,13407.960281,23566.588055
"8802",8802,"F","ABRP",37.6054794520548,9.50684931506849,270395.863862,0,0,0,25343.677856,23910.862478,15048.350299,11565.040034,21972.062881,24973.900116,19711.42315,17649.569997,17550.419222,19643.313903,54119.857542
"11362",11362,"M","MBRU",43.7780821917808,15.2630136986301,605908.637165,0,0,0,38857.246014,38096.223572,20326.234205,27041.450675,36967.256887,38768.403378,28308.929678,33318.334191,24821.199376,32581.959091,553566.219207
"11725",11725,"F","MBRU",55.7041095890411,22.0164383561644,361605.40065,0,0,0,41449.806494,37454.133146,28927.352191,25389.892339,30113.252232,39871.459036,34725.555304,32669.757263,31358.740434,32494.567413,264374.205587
"11823",11823,"M","MBRU",59.958904109589,13.3424657534247,200233.032667,0,0,0,14187.703695,12898.089101,7614.257912,0,13060.528887,13739.135135,10474.491254,11518.506656,9028.421535,11458.00164,154587.687248
"11886",11886,"M","MBRU",41.3561643835616,7.17260273972603,547365.24744,0,0,0,34663.816687,33545.052218,20979.867859,16009.493625,29157.268684,34488.479038,27216.83916,24275.694541,24504.288909,26984.847941,449276.043514
"12155",12155,"M","MBRU",41.441095890411,23.1835616438356,199475.218623,0,0,0,25904.197808,25052.192816,16698.228375,12101.673683,15274.924589,25617.275513,20869.264805,17867.855828,18945.458022,18467.26401,155765.930917
"12282",12282,"M","MBRU",56.2904109589041,20.3479452054795,375212.567742,0,0,0,45868.416833,44271.861841,34896.198504,26311.29089,31363.344602,45274.037722,40108.817172,34872.863299,37586.616885,35987.480121,210303.767899
"12934",12934,"M","MBRU",56.786301369863,7.67671232876712,601814.873196,0,0,0,27736.240301,29568.859139,17983.112529,12358.692516,25647.011559,28799.967532,22579.077671,19277.800192,21241.437212,22850.580895,515763.09346
"13047",13047,"M","MBRU",57.5369863013699,14.758904109589,597277.925249,0,0,0,46871.472622,42504.287098,24004.201458,0,43096.649782,0,33797.019259,38712.779311,28839.404879,37725.753373,473781.805075
"13500",13500,"F","MBRU",41.6082191780822,11.7561643835616,211962.395968,0,0,0,0,19285.533756,11682.531916,6002.310155,0,18593.848315,14585.356626,10695.966739,13796.57432,13031.41259,183417.730198
"14082",14082,"F","MBRU",56.8712328767123,13.5095890410959,209152.2209,0,0,0,15394.151359,16291.855543,0,0,14868.631067,15938.080895,0,0,11614.812907,12836.216977,192595.031576
"14384",14384,"M","MBRU",57.3671232876712,21.9315068493151,239551.601689,0,0,0,15605.30563,14466.258628,0,10962.929279,15261.275713,15228.305177,11410.169693,13448.817787,9855.121734,13062.437096,170203.191961
"14604",14604,"M","MBRU",41.6931506849315,19.8465753424658,409251.138618,0,0,0,52399.279943,50404.232366,32188.538664,20870.345341,26594.828729,51782.575973,41273.507009,33536.45839,37122.453637,34999.929463,290716.433207
"15496",15496,"F","MBRU",42.5287671232877,11.3424657534247,614586.084391,0,0,0,29226.310463,32444.160248,17783.210104,12183.655087,26247.465527,30852.414329,23059.045165,19669.866371,21687.651295,23541.973639,599270.143918
"16431",16431,"F","MBRU",39.7753424657534,19.6,337917.937072,0,0,0,38948.307359,38011.384728,23743.714273,19088.243713,23860.425432,38675.017721,30542.069578,27604.893632,27522.878327,28106.269077,267205.449667
"16932",16932,"F","MBRU",57.786301369863,8.50684931506849,436310.037236,0,0,0,0,33986.252061,20436.394508,14905.848297,31017.279887,0,0,22784.754816,24229.527328,0,405926.650373
"17005",17005,"M","MBRU",44.8630136986301,13.0904109589041,234991.678132,0,0,0,16029.202222,14689.712755,8405.090173,9308.009055,13934.91032,15574.135545,11698.417246,12568.319179,10060.411814,12585.336193,208705.040035
"17185",17185,"M","MBRU",38.6082191780822,12.7561643835616,244886.86952,0,0,0,18457.207662,18576.799065,9610.814291,10771.658248,14745.696124,18606.361081,13408.489102,14467.884077,11837.969965,14460.832039,199481.60654
"19603",19603,"F","MBRU",57.2904109589041,13.8438356164384,662677.928211,0,0,0,41447.233034,44326.454466,26874.49236,15089.861238,30324.900938,42982.497997,33698.321269,25816.30195,31729.477645,31051.641799,566239.044581
"19968",19968,"M","MBRU",53.0356164383562,12.0082191780822,231821.584742,0,0,0,16796.572752,15326.325089,9865.454262,8643.273695,14648.323689,16308.041253,0,12406.561238,11413.526723,13194.999218,198837.487651
"20642",20642,"F","MBRP",41.441095890411,9.50684931506849,154963.481373,0,0,0,15621.091804,15580.986504,8095.727242,10313.113373,14048.733389,15690.864716,11326.497319,13039.130023,9962.69916,0,32431.038405
"20893",20893,"M","MBRP",56.6191780821918,20.6849315068493,153348.131548,0,0,0,24044.749027,23295.989058,0,15109.010987,0,23766.475098,21626.763573,19125.061685,20522.447844,19735.176379,-3183.422651
"21541",21541,"M","MBRP",56.7041095890411,10.6794520547945,402608.37771,0,0,0,37265.654359,32519.978204,19996.170642,21342.719567,33502.563901,35521.343538,27517.766884,29023.642471,23433.712146,29245.150192,73138.016075
"21570",21570,"F","MBRP",43.0301369863014,19.8465753424658,368001.451778,0,0,0,42211.763766,42115.530597,37090.536085,32216.240165,35416.76426,42203.068436,39599.892513,36937.903471,38580.230664,37702.037077,-2892.644839
"21674",21674,"F","MBRP",56.0383561643836,19.8465753424658,431986.336155,0,0,0,36951.8639,34433.782746,19024.300286,24852.752458,35221.704298,36134.691203,26714.817842,31165.352165,23006.094686,30403.474218,40184.78366
"21810",21810,"M","MBRP",57.2904109589041,18.2657534246575,406125.02015,0,0,0,35118.37135,34430.575083,18370.428019,24439.501098,33410.238457,35038.077221,25585.022278,30112.417963,22432.884119,29446.897452,34702.790554
"21929",21929,"F","MBRP",54.1205479452055,8.75342465753425,249139.900204,0,0,0,29496.150834,27571.356961,0,15107.622563,0,28929.780548,22375.569066,21740.637617,19666.675357,23120.427938,51501.238725
"22515",22515,"M","MBRP",53.5342465753425,10.1753424657534,137415.845172,0,0,0,18158.854623,19470.119724,10838.281906,6582.096614,13613.29914,18863.462219,0,11345.336243,0,13500.685854,19889.366456
"22787",22787,"M","MBRP",41.6931506849315,9.75616438356164,191123.493895,0,0,0,15493.648864,15901.68208,9937.88923,7308.081812,14801.859457,15842.192133,12544.78136,11075.883244,11642.210898,12862.027546,46451.376872
"22983",22983,"F","MBRP",60.2082191780822,9.92328767123288,252288.988955,0,0,0,24363.163514,23964.734914,12839.353175,15388.957362,20452.032566,24332.269681,17805.355544,19859.568313,15646.794846,19533.979921,42691.989564
"24019",24019,"M","MBRP",60.8739726027397,9.67671232876712,132332.130734,0,0,0,0,11931.207167,5779.98427,5239.00164,11333.739203,11103.029318,7824.711749,7702.504989,7325.709028,8972.499443,36104.91055
"24528",24528,"M","MBRP",46.1972602739726,17.8465753424658,390438.609466,0,0,0,37992.201377,38556.013163,19805.639466,23568.3314,31671.77622,38425.963043,27615.806689,30691.675539,24447.284631,30437.582703,32323.336157
"24761",24761,"F","MBRP",42.9479452054794,10.0904109589041,354377.676963,0,0,0,35112.9677,33627.940872,21177.279174,16327.783384,29561.965852,34790.553771,27521.20711,24674.652348,24683.897014,27301.326371,63586.672274
"25129",25129,"M","MBRP",38.2767123287671,18.8465753424658,412318.91477,0,0,0,52963.830311,48278.61876,35065.894403,28770.78165,35625.932306,51161.885263,43267.978091,39501.83918,38812.840679,39825.256925,4174.988393
"27970",27970,"F","MBRP",56.9561643835616,21.4328767123288,157763.046903,0,0,0,24024.70492,0,14386.670237,11892.705863,15079.38944,24385.106223,18672.142624,17119.322876,17046.06743,17594.413602,-2868.710254
"27973",27973,"M","MBRP",42.2794520547945,18.9287671232877,138975.457196,0,0,0,18661.668896,16720.137798,13037.04881,11549.628893,0,17890.288848,15642.273156,14785.21445,14092.730573,14698.97089,3172.21301
"28628",28628,"F","MBRP",40.6082191780822,18.6849315068493,156506.745644,0,0,0,28045.731217,27172.379583,22591.267458,0,20723.759813,0,0,22307.421006,23937.3285,23019.05716,-1091.611098
"29329",29329,"M","MBRP",42.6109589041096,10.2602739726027,363942.48281,0,0,0,51389.502794,48792.658351,29640.185427,24707.254775,31251.550284,50511.229587,39205.44425,36099.804597,34673.661266,36326.847108,19192.027667
"30020",30020,"F","DBAB",42.1123287671233,9.50684931506849,446814.647707,0,0,0,43074.013505,39398.21274,0,27704.635827,40297.021293,41813.043156,31434.128595,35538.149879,27018.34853,35002.247953,127341.554692
"30177",30177,"F","DBAB",42.2794520547945,18.7616438356164,183301.221462,0,0,0,0,21353.434569,12912.853157,11700.5351,0,22405.504992,17329.406408,16837.665389,0,17906.283897,38943.677232
"30195",30195,"F","DBAB",57.3671232876712,20.0958904109589,213755.98052,0,0,0,27604.408401,25389.639497,19225.943408,16409.546884,19583.490935,26741.472805,23102.809012,21430.082406,20964.827385,21473.074211,22212.544644
"30697",30697,"F","DBAB",56.5369863013699,9.92328767123288,404430.851411,0,0,0,33006.513521,30597.334799,17382.926667,23187.503152,32278.861761,32209.126347,24133.453659,28445.363177,20844.398469,27628.136023,121681.256363
"31600",31600,"F","DBAB",41.2794520547945,10.0904109589041,129760.470587,0,0,0,12802.628915,12366.598798,6552.730593,8570.625651,11753.246883,0,9227.530464,10767.926224,8020.757491,10501.777477,35733.927872
"32030",32030,"F","DBAB",55.786301369863,11.427397260274,134284.561992,0,0,0,17388.838769,15762.826558,11818.380978,9211.278654,11461.317433,16752.055849,14380.2093,12761.024066,12933.073058,12946.8751,26970.617819
"32167",32167,"M","DBAB",41.6931506849315,9.92328767123288,421647.539214,0,0,0,38700.6848,36558.982614,22920.062579,0,33909.159262,38106.012956,30046.113605,28555.482021,26729.158603,30683.287107,126170.272759
"32580",32580,"M","DBAB",46.0301369863014,17.9287671232877,314992.45457,0,0,0,34005.582674,33408.385648,31515.511271,27036.439911,29062.989916,33788.060331,32752.562092,30366.640228,32096.716387,30959.566113,37038.107518
"32734",32734,"M","DBAB",40.8602739726027,9.67671232876712,148456.909085,0,0,0,18404.74652,18646.187635,9465.961956,10789.829016,14853.847937,18602.506622,0,14459.699671,11726.296989,0,39685.583498
"34851",34851,"M","DBAB",38.1917808219178,18.6,236662.117914,0,0,0,29330.847206,27063.23693,19771.927927,17421.329148,20970.962038,28454.923394,24156.067319,22772.197958,21804.124557,22733.765958,29428.71653
"35526",35526,"M","DBAB",60.041095890411,9.92328767123288,182689.930091,0,0,0,11408.895883,14753.056951,6059.185886,7030.290512,0,12841.698422,8423.342377,9405.308625,8084.026472,10899.72428,79896.0065
"36549",36549,"M","DBAB",52.3643835616438,19.6,351345.037094,0,0,0,31336.940761,28772.748323,17817.109481,15766.163595,27691.022117,30516.618817,23843.195652,22894.56859,20868.580617,24465.467811,60233.914851
"36902",36902,"F","DBAB",42.6958904109589,19.8465753424658,461701.717069,0,0,0,44239.800176,44896.327564,23062.562857,27444.007819,36880.017488,44744.891451,32157.067117,35738.744892,28467.499848,35442.867952,66734.372933
"38521",38521,"M","DBAB",53.7013698630137,9.42465753424658,131301.844503,0,0,0,14843.13402,15745.087346,9324.155432,5532.984261,11259.784922,15343.44186,11881.804651,9370.875123,0,0,36265.915321
"39650",39650,"F","DBAB",56.3671232876712,18.9287671232877,424319.470831,0,0,0,50886.528177,45592.372683,35549.347452,31493.459636,37734.907347,48783.133634,42653.257764,40316.235162,38427.974228,40081.066734,50415.277555
"39809",39809,"M","DBAB",57.0383561643836,8.75342465753425,387174.332709,0,0,0,33816.107374,34706.671966,21690.224959,15950.463409,32306.222578,34576.830477,27379.97209,24173.986408,25410.041061,0,124748.390546
"39999",39999,"M","DBAB",60.7068493150685,19.8465753424658,265555.395436,0,0,0,36003.453254,34632.659566,22116.688404,14339.977643,18273.260128,35579.717039,28358.954204,23042.841681,25506.77272,24048.390087,33166.758145
"40205",40205,"F","WBRP",41.3561643835616,10.427397260274,329335.714147,164667.857073,0.05,164667.857073,0,13724.397825,9125.858008,6541.375399,12435.948745,14620.025368,11821.98065,0,10472.449868,11413.165958,79182.255087
"40395",40395,"M","WBRP",56.7041095890411,8.08767123287671,290373.279263,130667.975668,0.05,159705.303595,10863.610889,11525.205307,6402.671331,3946.246658,8132.684458,11237.480098,8424.628653,6794.764416,7764.900005,8040.75244,54380.495085
"40693",40693,"M","WBRP",42.358904109589,7.92054794520548,348777.575291,139511.030116,0.05,209266.545175,0,0,4209.228323,3072.250106,0,0,0,4860.501286,0,0,127335.04951
"41368",41368,"F","WBRP",57.4520547945205,18.6849315068493,344700.948224,292995.80599,0.05,51705.142234,43621.939619,0,29521.059447,26957.445904,32116.773786,41994.145457,35996.256373,34540.406251,32329.158475,0,20923.709284
"41978",41978,"M","WBRP",40.441095890411,21.4328767123288,258666.736171,245733.399362,0.05,12933.336809,31440.640942,31734.355033,27191.628788,20901.909176,23634.410846,31585.298554,29272.972595,25691.847784,28531.525079,26723.749506,-767.719624
"43185",43185,"M","WBRP",41.7753424657534,18.4328767123288,144762.412622,101333.688836,0.05,43428.723787,0,0,7016.274346,9152.114719,0,13864.075794,0,11536.184055,8691.770092,0,44973.439555
"43257",43257,"F","WBRP",41.441095890411,18.6,159753.130974,119814.84823,0.05,39938.282743,26716.269308,26570.735073,16365.155954,10081.036882,12913.826661,0,21017.410439,16696.80497,19083.281693,0,-2214.976174
"43698",43698,"M","WBRP",42.1123287671233,15.6821917808219,396458.241131,277520.768792,0.05,118937.472339,23577.227966,23886.523841,12126.28181,13822.209295,19028.382629,23830.566689,17022.845844,18523.462689,15021.86281,18505.781245,81156.570681
"44403",44403,"M","WBRP",56.2904109589041,17.7616438356164,297534.38881,208274.072167,0.05,89260.316643,18124.712182,18242.149218,9437.68126,10577.613312,14480.061289,18271.178692,13166.943246,14207.253858,11624.716066,14200.328859,54267.440637
"44952",44952,"M","WBRP",41.3561643835616,11.0904109589041,140041.795135,91027.166838,0.05,49014.628297,8784.612629,0,4606.309176,5101.143074,7636.860992,8535.218777,6411.177703,0,5513.48841,6897.243027,35783.106403
"47502",47502,"F","WBRP",57.8712328767123,9.84109589041096,330491.551026,165245.775513,0.05,165245.775513,15919.132602,14999.514184,9423.701124,7391.715597,13588.77699,0,0,11181.937227,10994.217324,0,82031.835138
"47664",47664,"M","WBRP",57.2054794520548,17.0931506849315,144902.093806,108676.570355,0.05,36225.523452,10671.131197,9988.591711,5773.536329,6161.889383,8047.916992,10445.517647,7901.456806,8308.335623,6874.092578,8177.785539,22335.615424
"47910",47910,"F","WBRP",57.8712328767123,15.0109589041096,135157.883766,87852.624448,0.05,47305.259318,0,0,0,0,0,21287.333038,0,0,13817.915097,17349.032367,33019.985226
"48001",48001,"M","WBRP",57.7041095890411,10.1753424657534,142912.447604,78601.846182,0.05,64310.601422,9052.027293,8759.875779,0,4180.681387,7614.060341,9006.240033,0,0,6398.992183,7046.759515,27002.01537
"48290",48290,"F","WBRP",43.5287671232877,9.50684931506849,123615.289474,67988.40921,0.05,55626.880263,0,4558.102139,2888.817731,2607.301885,0,4891.717305,3858.913784,3742.541026,3360.303067,3982.350877,37783.425251
"48299",48299,"F","WBRP",41.1945205479452,16.5123287671233,367624.592295,275718.444222,0.05,91906.148074,43818.856788,42241.441095,26375.403335,17908.689172,23214.312005,43360.706371,34172.221184,28526.436861,30630.828978,29725.564923,2943.488935
"49338",49338,"M","WBRP",56.6191780821918,12.0904109589041,407873.34251,183543.004129,0.05,224330.33838,15259.590333,16188.900107,8993.523659,5543.102378,11423.58967,15784.746381,11833.669602,9544.277906,10906.980585,11294.457198,76404.828539
"49463",49463,"M","WBRP",56.1232876712329,18.013698630137,440873.011953,374742.06016,0.05,66130.951793,63661.823534,59498.786352,42373.508563,29503.610916,37032.834864,0,52121.390698,43774.749797,47142.792723,45222.225746,2069.18883
"50719",50719,"F","WBSU",57.1232876712329,10.3424657534247,405341.453836,189687.132768,0.05,202670.726918,14608.786819,13676.504022,8963.30093,6281.396262,12035.984483,14353.97661,0,9877.878015,10330.87618,11136.500076,94778.74644
"51467",51467,"M","WBSU",42.1945205479452,9.67671232876712,331025.127322,132410.050929,0.05,198615.076393,5718.477441,6096.314861,3707.641057,2548.034758,5287.733861,5937.789795,4655.207227,3974.57133,0,4711.183994,96935.170714
"53968",53968,"M","WBSU",41.2794520547945,16.8438356164384,422275.573584,330511.458051,0.05,84455.114717,41446.470154,37780.09105,27440.567218,22514.371335,27878.820911,40036.370824,33859.049696,30911.884374,30372.713479,31164.972639,22859.692808
"54433",54433,"F","WBSU",42.2794520547945,8.08767123287671,346952.633404,138781.053362,0.05,208171.580043,0,0,1784.822628,1422.198653,0,3060.196532,2298.920452,2118.838535,0,2495.470347,129927.472538
"54860",54860,"M","WBSU",58.3698630136986,15.5972602739726,376726.13888,320217.218048,0.05,56508.920832,39280.58687,36243.747811,26479.048732,23331.069443,28084.824494,38107.52831,32350.395271,30497.083627,29200.616088,30445.614555,16010.773089
"55263",55263,"M","WBSU",43.1150684931507,9.50684931506849,155074.196928,76760.042809,0.05,77537.098464,0,9948.747093,6261.26437,0,9142.058214,10391.052034,0,0,0,8173.120575,34732.411613
"55486",55486,"M","WBSU",57.4520547945205,10.6794520547945,119448.962119,59724.48106,0.05,59724.48106,6154.067551,0,0,2883.712285,5462.668428,6022.994124,4786.528936,4342.818077,0,0,29641.942369
"55555",55555,"M","WBSU",56.1232876712329,7.42465753424658,341548.798354,136619.519342,0.05,204929.279013,0,14246.151698,8118.617539,0,0,13538.338877,0,0,9784.647479,0,97018.320236
"55987",55987,"F","WBSU",42.7780821917808,12.427397260274,133593.661663,73476.513915,0.05,60117.147748,12317.034991,0,0,0,0,11871.714737,0,8958.401187,8202.905435,0,32624.772598
"56962",56962,"F","WBSU",58.2054794520548,13.3424657534247,159861.864762,87112.643763,0.05,71937.839143,0,10102.07928,0,5139.07149,9254.588436,10612.236358,8378.806006,0,0,8389.986752,35585.642573
"57480",57480,"M","WBSU",57.7041095890411,22.2684931506849,280146.003947,238124.103355,0.05,42021.900592,0,43810.592009,0,23642.337676,29874.327723,45609.709444,37541.055086,0,33746.818134,34112.214049,6107.225234
"57865",57865,"M","WBSU",55.0383561643836,17.6821917808219,182945.776631,118914.75481,0.05,64031.021821,8737.258359,7902.2776,4512.133073,5571.653909,8005.107395,8443.22167,6326.54374,0,5403.249304,7020.089706,49160.236594
"57929",57929,"F","WBSU",56.786301369863,19.9287671232877,367226.758929,253239.279311,0.05,90692.401003,39906.313503,39373.605371,23309.218027,16822.532104,21283.349307,39836.398392,30639.901559,26266.949169,27483.402571,27071.178205,1667.586651
"58224",58224,"M","WBSU",42.8630136986301,21.013698630137,211696.372643,190526.735378,0.05,21169.637264,23789.953928,21496.652876,16602.740377,14572.429164,17283.383056,22884.067593,19930.596321,18750.679095,17998.226126,18650.129568,8548.612155
"59648",59648,"M","WBSU",42.1945205479452,16.5123287671233,181017.368411,117661.289467,0.05,63356.078944,8397.857407,7681.210683,4404.177743,5401.390821,7856.445481,8152.014303,6128.505523,0,5267.589896,6824.15831,52264.920576
"59783",59783,"F","WBSU",43.4438356164384,18.9287671232877,357590.043169,261050.624583,0.05,71518.008634,36489.84063,33139.680204,25296.918788,18013.639109,22483.824563,35196.34618,30496.732553,25911.17166,27578.614742,26634.991992,8376.791532
"61451",61451,"M","WBRU",40.7753424657534,20.7616438356164,159246.63069,114795.653186,0.05,22767.573844,13687.797777,12106.49475,9534.692478,8483.555118,10045.79821,13054.536369,11458.352484,10853.997193,10277.055265,10731.729282,14921.815167
"61592",61592,"M","WBRU",56.8712328767123,16.0109589041096,505800.750246,281340.864058,0.05,114967.258779,26544.109397,25946.115986,13987.087333,15402.500477,20292.776506,26443.527714,19398.088461,20717.543047,17013.863199,20491.475322,95841.965417
"62453",62453,"F","WBRU",56.7041095890411,18.3479452054795,426028.909855,344832.243476,0.05,41588.536438,46504.87101,44886.162777,35380.406001,26676.377199,31798.531448,45902.244502,40665.35315,35356.747004,38108.15569,36486.829861,15723.085857
"62454",62454,"M","WBRU",56.2054794520548,20.6849315068493,446120.091668,321593.286467,0.05,63782.022176,42339.101379,0,28652.901262,26164.678715,31172.280582,40759.177546,34937.674967,33524.638628,31378.419441,33163.393472,42874.902778
"63009",63009,"F","WBRU",41.3561643835616,9.08767123287671,620801.646717,129450.906363,0.05,251667.452376,9392.777072,9141.483252,0,3782.251408,7356.379674,9375.032684,7585.108434,6150.601149,6921.665316,0,101517.3179
"63273",63273,"F","WBRU",42.6958904109589,19.013698630137,140199.799948,101065.419983,0.05,20044.438519,25712.675011,0,0,11916.352957,14957.366829,25085.152745,0,17680.390739,0,18265.018646,3790.64867
"63330",63330,"M","WBRU",43.0301369863014,12.3424657534247,245574.208087,66660.695967,0.05,91638.628159,3605.030012,3364.847516,2121.45778,1711.745816,3082.561327,3534.773007,2790.851645,2559.808487,2471.709104,2794.57578,50448.198177
"63510",63510,"M","WBRU",55.3671232876712,8.59178082191781,700586.356896,64115.356537,0.05,325997.341647,0,0,0,0,0,0,0,0,0,0,63464.906248
"63705",63705,"F","WBRU",56.786301369863,10.7561643835616,573681.940034,119625.402887,0.05,232565.543416,4042.510516,3666.432606,2364.62639,1862.133344,3519.640445,3920.573535,3120.475673,2828.248327,2737.326758,3107.271883,114739.698154
"64420",64420,"M","WBRU",55.3671232876712,10.7561643835616,227845.150005,76902.452735,0.05,77312.113236,5260.051251,0,2782.147101,3069.716532,4753.606791,4947.169699,3856.146259,0,3242.070443,4107.968411,53578.013898
"65119",65119,"M","WBRU",56.1232876712329,10.5095890410959,537814.729231,112146.294267,0.05,218025.295957,0,0,0,0,13146.546283,0,0,10560.268742,10500.94385,0,103574.529162
"66034",66034,"F","WBRU",41.7753424657534,12.841095890411,207138.181408,99372.794927,0.05,55196.90527,13105.398261,13299.884965,0,8129.888718,10925.169534,0,0,0,8433.083367,10499.434857,42946.841426
"67523",67523,"M","WBRU",40.1945205479452,10.3424657534247,492129.736922,102619.960546,0.05,199505.007412,4355.9666,4077.983713,2672.627095,1872.951714,3588.822745,4279.988712,3444.259394,2945.330591,3080.403058,3320.619499,93554.892369
"68157",68157,"M","WBRU",42.7780821917808,8.83835616438356,744813.050341,68162.837894,0.05,346576.938082,0,0,0,0,0,0,0,0,0,0,67614.540307
"68794",68794,"F","WBRU",43.1150684931507,20.2657534246575,423289.300192,305135.32055,0.05,60517.892012,41880.095836,39301.412637,26896.483459,21208.963999,26799.530142,40915.35697,33677.164108,30054.967033,30273.446759,30601.234515,25429.670882
"69533",69533,"M","WBRU",56.8712328767123,19.013698630137,169681.863444,81403.442399,0.05,45215.776633,0,0,0,0,0,11183.599629,8318.336983,0,7164.057479,9493.513923,49982.171925
"69584",69584,"M","WBRU",43.6109589041096,20.1808219178082,475179.116815,302470.549859,0.05,88460.485514,43173.547767,41722.564069,24831.707286,20053.239019,25403.626573,42738.664861,32891.324912,29812.957201,29228.733047,30206.006632,27807.405398
"69921",69921,"F","WBRU",58.7068493150685,15.6821917808219,183684.619632,74740.670486,0.05,55800.559319,0,4331.526478,2473.264655,3054.026656,4387.891238,4628.037646,3467.809297,3933.822249,2961.717952,3847.967128,47808.671746
"70882",70882,"F","DBRP",57.786301369863,19.2657534246575,370357.437651,0,0,0,39914.12454,36200.588945,22213.227112,21566.783046,35382.15639,38656.007393,30029.762009,30201.236586,0,31370.843525,-840.262849
"72294",72294,"M","DBRP",42.2794520547945,19.1808219178082,158757.6303,0,0,0,17898.442122,17320.775177,10832.821844,8266.4006,15055.170949,0,14053.242459,12534.60107,12652.634323,13933.455263,-2608.23258
"72303",72303,"F","DBRP",38.6931506849315,18.013698630137,297454.398461,0,0,0,32769.066243,29900.704717,19246.886195,16862.488107,28577.966257,31815.971747,25335.292487,24204.427479,22267.079052,0,-7447.486654
"72944",72944,"F","DBRP",52.8684931506849,10.3424657534247,210578.851498,0,0,0,13124.77689,16504.168501,7673.052129,7927.652194,17056.348735,14597.934033,10161.714416,10702.293295,9855.993305,12562.397391,-368.172081
"73079",73079,"M","DBRP",56.0383561643836,10.5945205479452,141541.549894,0,0,0,22351.527793,21813.849684,13625.965426,10954.299141,13692.943246,0,17527.38343,15841.806463,15794.739787,16129.53417,-2533.721168
"73113",73113,"F","DBRP",47.7808219178082,19.6,257196.922755,0,0,0,36553.716943,35674.397481,22283.921165,17914.67473,22393.456777,36297.229491,28664.305124,25907.710411,25830.737509,26378.260669,-9547.955348
"73275",73275,"M","DBRP",38.441095890411,9.59178082191781,429828.538286,0,0,0,42306.543379,42631.117664,22760.200951,25720.49038,35532.795701,42669.107901,31249.228325,33855.152897,27779.817873,33992.694957,-6083.299335
"73809",73809,"F","DBRP",56.4520547945205,21.2657534246575,188818.072821,0,0,0,16580.250352,16255.524749,8673.13272,11538.491994,15773.798631,16542.341511,12079.320832,14216.816137,10591.118566,13902.607469,482.149844
"73894",73894,"M","DBRP",59.2931506849315,10.5945205479452,374893.092305,0,0,0,39493.160536,36420.580958,23603.667859,18320.62002,34732.014388,38560.800717,0,27729.901219,27284.728082,30695.769199,3562.364831
"75051",75051,"M","DBRP",38.5260273972603,11.2602739726027,156194.450011,0,0,0,13715.546642,13446.926504,7174.60556,9544.89358,13048.432097,13684.187618,9992.279053,11760.462038,8761.205507,11500.541738,-2118.2567
"75273",75273,"M","DBRP",41.441095890411,19.5150684931507,401447.489827,0,0,0,41736.714617,37577.954783,0,21495.146304,37985.700008,40328.348526,31813.698614,30854.297064,27703.046761,32831.340025,-6395.406686
"75822",75822,"F","DBRP",42.2794520547945,9.84109589041096,157461.717428,0,0,0,18280.08434,15664.145508,9391.824724,10852.18745,16621.045726,17294.986552,13206.150266,0,0,14300.013944,-2140.115487
"76140",76140,"M","DBRP",56.2054794520548,19.5150684931507,345816.686747,0,0,0,47189.43467,45944.58356,28460.547095,24107.525666,30081.993501,46813.671343,36806.758964,34156.744546,33073.393447,34529.498398,-6531.490005
"77520",77520,"M","DBRP",56.3671232876712,19.6849315068493,189748.274616,0,0,0,17307.631009,15653.618014,8938.082301,11036.886631,15857.313506,16725.17387,12532.247546,14216.362552,10703.294027,13906.092425,4308.76275
"78238",78238,"F","DBRP",39.5260273972603,10.1753424657534,366625.123777,0,0,0,39865.526313,42744.247159,23794.11155,14450.181534,29886.319723,41412.405409,31110.790508,24907.286825,28839.005085,29639.091138,-6791.308233
"78690",78690,"M","DBRP",46.3616438356164,9.17260273972603,270361.428124,0,0,0,28000.460609,30260.147769,0,12822.077789,27130.984312,29260.766794,21852.876137,0,20302.851311,23159.709289,-1838.511289
"78966",78966,"F","DBRP",61.1260273972603,9.00547945205479,301635.696888,0,0,0,29446.584045,27161.876519,17727.324628,14229.419464,25750.181953,28745.605194,23058.882593,21099.328208,20445.321857,23074.983715,-993.832952
"80104",80104,"M","MBSU",40.9452054794521,9.17260273972603,166846.725584,0,0,0,15054.291844,13726.804884,7889.597237,8888.328441,13280.93847,14597.304276,10983.894857,11902.12215,9430.630305,11880.278454,39056.697176
"81703",81703,"F","MBSU",43.1150684931507,20.4328767123288,214412.232103,0,0,0,24541.908347,24771.175439,21225.218111,16315.594209,18448.528002,24654.825061,22849.871661,20054.52035,22271.1132,20860.001305,15031.800012
"81734",81734,"M","MBSU",45.8630136986301,19.6849315068493,439111.060795,0,0,0,39479.006322,34451.466026,21183.820887,22610.346583,35492.411304,37631.094106,29152.153946,30747.469333,24825.531333,30982.133258,49678.690658
"81954",81954,"F","MBSU",45.6958904109589,9.42465753424658,269728.349635,0,0,0,23882.638634,21571.317838,12712.720835,15053.772636,22205.361851,23067.368808,17559.663412,19506.916528,15081.49823,19315.284196,62351.249352
"82460",82460,"M","MBSU",45.6958904109589,18.6849315068493,174658.76865,0,0,0,0,17771.16113,11375.6373,8976.621537,17004.576811,18748.797875,14899.842453,0,13198.345375,14945.211414,23732.36465
"82538",82538,"M","MBSU",56.9561643835616,19.2657534246575,357613.416569,0,0,0,42820.223229,38939.148667,26277.819685,22929.712636,29507.286603,41429.884592,33737.039094,32072.165926,29829.407328,32298.790252,20014.312124
"82911",82911,"F","MBSU",60.041095890411,8.67671232876712,284255.253926,0,0,0,23526.903116,25081.398079,15253.940029,10483.099306,21754.742157,24429.195828,19152.407357,16352.141908,18017.771331,19382.706416,70111.594075
"83612",83612,"M","MBSU",37.6054794520548,10.5945205479452,401132.922085,0,0,0,36165.669456,33206.359011,20562.558965,18195.581551,31957.94894,35218.943594,27517.208502,26422.406906,24084.233186,28235.366965,86495.2433
"84681",84681,"M","MBSU",44.7780821917808,9.50684931506849,390420.907915,0,0,0,34746.708428,31284.451835,19827.348399,17895.169471,31623.908463,33574.213507,26485.585171,25686.862841,23063.379502,27332.793432,90391.701539
"84959",84959,"M","MBSU",58.3698630136986,8.92054794520548,402691.348782,0,0,0,38923.644917,36769.604081,23052.1083,19987.000748,34104.514723,38325.547084,30219.213513,28719.99419,0,30860.057862,88863.572911
"85945",85945,"M","MBSU",56.4520547945205,19.5150684931507,204881.961237,0,0,0,0,18294.071486,11594.351434,10464.479649,18492.574047,19633.045361,15487.859306,15020.793957,13486.671128,15983.277559,19814.246057
"86123",86123,"F","MBSU",53.7835616438356,19.6849315068493,317425.759631,0,0,0,48017.494785,43465.124693,32495.74252,29673.807021,35353.013444,0,39623.411241,38020.862702,35586.799029,0,19800.086041
"86516",86516,"M","MBSU",56.0383561643836,10.0904109589041,134559.995575,0,0,0,12336.461935,11814.718029,7440.347983,5736.54383,10386.193203,12223.186202,9669.200474,8669.102312,8672.350299,9591.948377,27608.313771
"87447",87447,"F","MBSU",37.5232876712329,10.5095890410959,261456.744986,0,0,0,27127.260879,28738.963696,16629.551609,9396.513662,19278.166618,28027.259367,21449.477555,16496.387829,0,19768.462509,56252.274004
"88588",88588,"F","MBSU",53.7835616438356,11.841095890411,273543.014869,0,0,0,23886.829436,20468.547358,12272.422332,14180.697736,21718.941605,22599.589049,17256.652269,18939.989764,14487.872207,18686.018492,56556.462725
"88616",88616,"F","MBSU",60.3698630136986,18.5150684931507,328659.886629,0,0,0,32927.197478,32842.660805,17064.723322,21738.680299,29612.873699,33074.269557,23874.759757,27484.763203,0,27038.120172,30206.401138
"88618",88618,"F","MBSU",42.2794520547945,20.0958904109589,452579.61048,0,0,0,55796.894213,56832.204871,50219.023567,35443.207319,41200.722012,56259.146446,53003.703197,44575.211369,52216.511924,47302.103462,32910.641013
"89655",89655,"M","MBSU",38.8602739726027,19.5150684931507,319602.339846,0,0,0,39653.859036,38566.763318,32447.856754,22782.864657,27094.84195,39259.544544,35948.810705,30171.495697,34263.181872,31614.163632,25620.585428
"90249",90249,"M","IBRP",56.8712328767123,9.08767123287671,131275.30084,0,0,0,12887.636344,12342.581712,7772.771447,5992.843908,10850.232563,12769.299623,10101.205687,9056.424655,9059.817757,10020.502084,31513.429112
"92172",92172,"M","IBRP",42.1123287671233,18.3479452054795,159983.792233,0,0,0,0,22821.239428,19887.218222,14985.140379,17000.660604,22727.176014,21240.749832,18456.436957,20762.498582,19276.407895,329.131358
"92414",92414,"F","IBRP",42.1123287671233,19.7616438356164,143647.08865,0,0,0,14099.429295,12785.734203,7220.714911,9090.901317,12963.923095,13639.332919,10166.496949,11645.208997,0,11348.30127,19798.252546
"93391",93391,"M","IBRP",57.1232876712329,19.0958904109589,372854.416443,0,0,0,36604.08392,35055.993565,22076.5989,17021.163188,30817.351815,36267.978279,28689.929694,25722.492413,25732.129665,28460.711443,28228.061695
"93588",93588,"M","IBRP",56.8712328767123,8.59178082191781,371650.103478,0,0,0,34031.94907,29521.641003,18135.027236,19410.777959,30757.544786,32361.850658,25043.166128,26450.809084,21258.772101,26645.149775,105903.008348
"93652",93652,"F","IBRP",61.3698630136986,10.1753424657534,309665.148015,0,0,0,17245.74141,21218.886301,9862.80909,11128.340813,24151.608483,19020.263579,13206.92566,14543.142217,12670.708503,16840.201119,119040.04812
"94502",94502,"F","IBRP",42.9479452054794,8.25753424657534,379237.134126,0,0,0,34996.338995,32531.542569,18850.368673,21134.556362,31431.483567,34195.453809,25884.347483,27981.690556,22477.314823,28102.477872,126247.093575
"94812",94812,"F","IBRP",58.7890410958904,18.6849315068493,451490.116754,0,0,0,41434.437214,38226.050539,23117.864537,21467.110897,37153.751337,40426.853997,31228.105191,30716.746308,27268.170757,32538.562703,50481.017291
"95099",95099,"F","IBRP",42.6109589041096,19.6,391741.244784,0,0,0,35871.692127,31117.560001,19115.393961,20460.110865,32420.275868,34111.309378,26396.981948,27880.721085,22408.006261,28085.567695,57097.158381
"95452",95452,"F","IBRP",42.1945205479452,8.92054794520548,150106.878134,0,0,0,0,0,11879.975798,10300.363077,0,19751.190038,15573.565789,14800.938442,13854.314586,15903.82692,53175.604183
"95818",95818,"M","IBRP",38.3561643835616,9.59178082191781,318800.960621,0,0,0,20476.978177,0,10358.25736,12371.915856,27703.144168,22589.053346,14765.400618,16734.873562,13782.05158,19147.546101,150360.140739
"95926",95926,"M","IBRP",41.5260273972603,20.2657534246575,356312.549586,0,0,0,50106.047504,47574.059374,28899.920378,24090.189905,30471.041321,49249.709212,38226.286404,35198.21025,33807.684917,35419.582363,2726.318901
"96407",96407,"M","IBRP",57.786301369863,19.013698630137,177235.093791,0,0,0,28401.1136,27713.619659,16771.537085,11993.660969,15117.237937,28225.55072,21925.67247,18710.472903,19643.927406,19264.593097,-5985.439027
"98062",98062,"F","IBRP",52.3643835616438,9.08767123287671,303616.119127,0,0,0,28320.893263,25243.105718,16778.676132,15279.03077,25466.664244,27238.39032,21990.938039,21414.358619,19223.631083,22524.113018,87854.31836
"98502",98502,"M","IBRP",45.2821917808219,9.67671232876712,224639.199523,0,0,0,20360.997335,18888.244897,12090.70255,9540.886198,18073.473581,19927.33526,15836.436974,14368.400502,14027.984883,15884.657799,66599.095419
"98645",98645,"F","IBRP",56.2054794520548,19.5150684931507,166444.845941,0,0,0,21129.759851,18967.948339,14205.177044,12197.930999,14804.543096,20276.340456,17378.429343,16174.228675,15550.323121,16122.062355,1957.833231
"100322",100322,"F","DBWB",41.1123287671233,19.3479452054795,321274.037298,224891.826108,0.05,96382.211189,15930.689685,0,8168.617865,11222.03879,15289.038689,15824.700436,11490.036269,13742.992819,10002.049371,13330.226769,99155.279968
"101183",101183,"M","DBWB",40.6931506849315,22.2684931506849,343019.579742,291566.642781,0.05,51452.936961,39826.217288,37373.997555,25577.4294,20168.836575,25485.230856,38908.791027,32025.572736,28581.015008,28788.780078,29100.492507,8397.086792
"101262",101262,"M","DBWB",56.2904109589041,8.42465753424658,113898.753371,51449.258714,0.05,56949.376685,0,7093.163265,4716.505715,3380.770819,0,7556.049321,0,0,0,0,30946.538283
"101900",101900,"M","DBWB",41.9452054794521,19.4328767123288,151866.566444,106306.596511,0.05,45559.969933,0,0,6124.233944,7988.526227,0,12101.414425,8644.060502,10069.48795,0,9890.055824,46431.002147
"101928",101928,"F","DBWB",42.1945205479452,13.5945205479452,148108.251581,71883.951415,0.05,74054.12579,8127.47883,7495.158572,4857.507179,0,0,7935.604222,6341.941007,0,0,0,38921.21835
"102920",102920,"M","DBWB",58.2054794520548,17.5123287671233,165570.432993,91136.479325,0.05,66228.173197,6768.37009,6223.139236,3720.393213,3756.022864,5998.566574,6590.663287,5059.255008,5189.300895,4397.235135,0,43916.778979
"103448",103448,"F","DBWB",43.0301369863014,20.013698630137,450930.498755,345142.704699,0.05,67639.574813,52519.055926,49084.677668,34956.847643,24339.575992,30550.955303,51237.319313,42998.552052,36112.828774,38891.361102,37306.952129,-1563.599071
"104827",104827,"M","DBWB",58.4547945205479,15.8438356164384,401175.274208,314605.443764,0.05,80235.054842,39168.69264,35703.807074,25932.513414,21277.046936,26346.681958,37836.08827,31998.254754,29213.057071,28703.51744,29452.23634,22789.671457
"104905",104905,"F","DBWB",55.3671232876712,16.4301369863014,392905.733093,301314.536361,0.05,78581.146619,40341.590231,41547.580508,24157.680913,19969.888008,25320.874981,40946.765685,31353.722303,28746.272256,28623.263829,29544.030874,14869.285081
"105991",105991,"M","DBWB",52.9534246575342,10.0082191780822,337029.193397,134811.677359,0.05,202217.516038,0,0,0,0,0,0,0,0,7662.212151,0,126994.795355
"106014",106014,"M","DBWB",60.3698630136986,10.0082191780822,373596.751327,168118.538097,0.05,205478.21323,24363.862457,0,13998.553082,0,0,0,18656.299698,15979.346782,0,0,104410.434816
"106023",106023,"F","DBWB",58.2904109589041,13.2602739726027,171606.44879,94822.852483,0.05,60062.257076,0,0,0,0,0,0,0,0,31736.025707,0,62534.356294
"106630",106630,"F","DBWB",57.9561643835616,8.42465753424658,336418.559058,134567.423623,0.05,201851.135435,5695.374746,6329.349754,0,2598.127419,5478.846978,6014.879222,0,4006.108882,4347.170901,4771.867374,104001.239469
"107220",107220,"M","DBWB",41.2794520547945,13.6794520547945,455265.448857,295922.541757,0.05,159342.9071,21519.226136,19462.729805,11113.052627,13722.574691,19715.992043,0,15581.812947,17675.736236,13307.806507,17289.965762,134936.910188
"107640",107640,"M","DBWB",54.5369863013699,22.1835616438356,217031.345384,184476.643576,0.05,32554.701808,0,33028.457245,22014.708493,15954.675695,20138.244881,0,27513.744022,23556.728811,24977.424327,24346.980093,5964.046147
"108416",108416,"M","DBWB",42.6109589041096,9.75616438356164,127101.112956,73056.605701,0.05,50840.445182,4755.954675,4015.190367,2515.520265,2775.530502,4298.045279,4473.058101,3486.592802,3738.977387,2931.366891,3714.281599,35691.831129
"108913",108913,"F","DBWB",42.1123287671233,7.50684931506849,350241.274207,122557.926091,0.05,192632.700814,13833.694128,0,0,4791.803214,9831.005849,14292.653249,0,8412.422635,10155.104352,10081.034903,64485.293621
"109391",109391,"M","DBWB",40.7753424657534,8.17260273972603,322753.942366,141396.800701,0.05,177514.668301,12428.589943,13326.068147,0,4505.029721,9317.444095,12910.849373,9699.188592,7765.166628,8990.930303,9240.367408,63226.966495
"110695",110695,"F","DBIB",56.2054794520548,19.9287671232877,218096.892507,0,0,0,26821.709908,25337.392123,15884.868,13772.747572,0,26409.569509,0,19790.524612,0,21265.210941,39167.472151
"111090",111090,"M","DBIB",37.6904109589041,19.4328767123288,187429.220526,0,0,0,21453.397069,21653.811718,18554.100421,14262.335106,16126.846819,21552.103619,19974.297141,17530.730781,19468.373359,18234.844842,25565.801167
"112685",112685,"M","DBIB",52.4493150684931,9.92328767123288,154901.559371,0,0,0,13169.300898,12395.939127,7919.285705,6228.90798,11345.089388,12961.105769,10306.809587,9336.000262,9192.609501,10285.287116,50208.065537
"114120",114120,"M","DBIB",57.7041095890411,9.92328767123288,422833.530243,0,0,0,26028.141281,33657.476988,13823.36625,16038.834656,34887.782989,29296.922702,19216.929287,21457.177293,0,24866.522263,174957.492789
"114181",114181,"F","DBIB",57.7041095890411,10.0082191780822,383225.234697,0,0,0,34539.346026,31859.500252,20793.250536,16690.38561,30203.654297,33717.133473,27046.896973,24748.439302,23981.323102,27065.78277,115359.415035
"114345",114345,"M","DBIB",43.2821917808219,20.013698630137,405427.413008,0,0,0,37266.924665,32783.45979,19562.38633,21628.783912,32439.586038,35627.588807,27212.851992,29212.797003,23126.382077,29036.243772,67485.663781
"114920",114920,"M","DBIB",57.1232876712329,20.3479452054795,145461.453103,0,0,0,22285.083145,0,16954.251723,0,15237.821368,21996.305183,19486.792596,16942.914357,18261.38638,17484.448822,12537.871435
"115188",115188,"M","DBIB",61.2082191780822,10.0904109589041,168453.098329,0,0,0,15065.885941,13428.593089,8925.764399,8127.996978,13547.519679,14490.026073,11698.535112,11391.811743,10226.408842,11982.168589,47597.559296
"116051",116051,"M","DBIB",56.7041095890411,18.8465753424658,492522.110924,0,0,0,41660.843363,39254.174619,24662.106048,19344.339505,35562.233433,41018.947193,32351.039117,29263.46221,28772.19364,32263.833448,94254.606942
"117296",117296,"M","DBIB",42.027397260274,9.50684931506849,169155.360886,0,0,0,0,15587.523662,9810.039959,7539.265276,14323.617577,16280.519339,12849.903472,11505.778606,11441.142081,12805.502961,60353.359314
"117759",117759,"F","DBIB",40.8602739726027,9.67671232876712,418863.289221,0,0,0,41286.767512,41828.384488,21234.683679,24204.471472,33321.152549,41730.396296,29809.198934,32436.972602,26305.219526,32406.010113,125842.964917
"118099",118099,"M","DBIB",45.9479452054794,18.9287671232877,179168.423693,0,0,0,20525.572334,20433.393677,18827.381041,12368.786482,14459.79685,20509.015092,19685.665495,15974.309157,19333.99487,17050.508695,23246.754099
"118391",118391,"F","DBIB",42.2794520547945,10.427397260274,163328.726222,0,0,0,14553.89535,13289.660627,8836.78522,6334.169279,12042.024757,14156.918065,11447.504858,9900.538851,10140.722125,11051.639875,54803.651665
"118433",118433,"F","DBIB",45.4438356164384,19.7616438356164,326084.843198,0,0,0,31505.547067,29449.628507,0,16136.814475,27594.596936,30900.593363,23899.882678,23221.697148,21006.448252,24695.484326,57309.891079
"118478",118478,"F","DBIB",58.0383561643836,9.42465753424658,143885.84038,0,0,0,12350.082898,13724.820164,7821.52037,5633.885467,0,13042.909436,9939.279276,8687.009899,9426.582691,10347.511845,52245.425622
"118839",118839,"M","DBIB",41.5260273972603,9.33972602739726,450778.825816,0,0,0,25934.578263,32612.26101,15161.962189,15665.052288,33703.369958,28845.538923,20079.562495,21147.747149,19475.457135,24823.315552,206294.967467
"119050",119050,"F","DBIB",56.786301369863,18.3479452054795,412257.587323,0,0,0,59294.678321,55574.024313,38245.829825,31195.238173,0,57899.642827,47784.081698,43365.448463,42975.603432,43976.009929,56789.764679
"119823",119823,"F","DBIB",39.1945205479452,19.7616438356164,268427.717233,0,0,0,35683.623975,36115.650107,22429.258048,12867.697599,16591.202672,36000.417186,28433.94505,21755.014774,26086.624812,23343.343538,42034.131062
"120473",120473,"F","DBRU",41.1123287671233,13.427397260274,618743.783643,0,0,0,41786.593488,41862.64478,21279.082311,27756.697191,38117.854862,42047.217002,30034.397213,34987.145308,26360.555772,34363.695746,-13863.766477
"121072",121072,"F","DBRU",42.8630136986301,7.17260273972603,417484.124446,0,0,0,21139.85852,22845.882844,0,9680.444697,20483.419108,22091.36767,16498.539658,14932.709223,15328.297997,17485.175854,-4087.324053
"121250",121250,"M","DBRU",46.613698630137,12.3424657534247,615777.900752,0,0,0,39979.377544,36345.386459,21456.13542,24896.964804,36803.123783,38715.361025,29515.95617,32457.875935,25441.091874,32287.3795,-12078.292143
"121255",121255,"M","DBRU",57.4520547945205,16.4301369863014,644387.547252,0,0,0,41513.538902,37900.004664,23820.919953,23038.81103,37028.851395,40309.366228,31713.161733,31829.541191,27742.495703,33080.535972,-14705.273708
"121689",121689,"F","DBRU",41.1123287671233,21.7643835616438,341456.266792,0,0,0,36732.691941,34772.060622,23392.381216,19715.438359,24401.653964,36029.951208,29435.292322,27232.368433,26510.279131,27487.984886,-16413.530764
"122589",122589,"M","DBRU",45.8630136986301,13.0904109589041,197983.500662,0,0,0,14245.99099,13643.487693,8592.020216,6624.488621,11993.845202,14115.181599,0,10010.97025,10014.720985,11076.661273,-4058.483182
"123079",123079,"F","DBRU",58.0383561643836,14.6821917808219,669573.809916,0,0,0,43094.468385,38976.122513,22255.033339,27480.870244,39483.306248,41644.201693,31204.186487,35397.4837,26650.254203,34624.938563,-14331.630778
"123673",123673,"M","DBRU",52.4493150684931,23.1835616438356,341336.9252,0,0,0,29403.364081,26971.268379,16875.406527,17148.030966,22363.447637,28547.935567,22414.856167,23006.725734,19607.448975,22784.694224,-13152.432412
"124449",124449,"M","DBRU",38.9452054794521,12.9232876712329,590387.650498,0,0,0,35240.820299,32668.557272,18559.627468,24757.132596,34463.911678,34389.455671,25767.117241,30370.91244,22255.416351,29498.364805,-11023.77125
"124562",124562,"F","DBRU",57.6191780821918,19.4328767123288,265768.300401,0,0,0,32313.404002,32615.271325,27946.443208,21482.126807,24290.480192,32462.077176,30085.56319,26405.029673,29323.533778,27465.57603,-14697.380959
"124979",124979,"M","DBRU",60.2931506849315,12.9232876712329,224664.632426,0,0,0,16339.549949,16072.337359,8610.920022,10320.853338,13716.486673,16318.830499,11941.44989,13319.140933,10493.77622,13100.779807,-4705.806126
"125522",125522,"M","DBRU",42.6958904109589,22.6027397260274,166196.878275,0,0,0,19678.221793,18702.918696,16013.741084,11788.594338,14002.795129,19302.387075,17790.316659,15286.184952,16820.495447,15852.871944,-9592.4791
"126798",126798,"F","DBRU",55.8712328767123,7.00547945205479,496645.002066,0,0,0,32520.831527,32999.818368,20882.108201,12529.871721,25134.957142,33013.498826,26311.762203,20834.540358,24334.566447,24588.938729,-6404.465455
"126821",126821,"F","DBRU",42.027397260274,14.0931506849315,168924.92834,0,0,0,12155.068473,11640.99621,7330.946237,5652.194561,10233.476196,12043.458329,9527.02602,0,8544.833378,9450.909826,-3754.850263
"126832",126832,"M","DBRU",53.2027397260274,12.6794520547945,210452.721902,0,0,0,23899.004834,23023.199781,15163.203083,12080.728187,15026.648016,23607.72396,19115.720065,17201.148634,17294.785598,17534.71611,-6866.164651
"126869",126869,"M","DBRU",59.2082191780822,20.0958904109589,340601.678321,0,0,0,42330.283223,39673.334809,27607.254499,20895.336606,26260.985925,41343.555264,34303.330282,30027.03335,30926.874661,30718.360003,-16378.760085
"127312",127312,"M","DBRU",37.9424657534247,12.7561643835616,190966.04987,0,0,0,22069.003632,0,0,7416.529224,0,22974.790684,18021.848401,13216.06979,0,16101.775786,-3831.525451
"127709",127709,"M","DBRU",41.441095890411,6.33972602739726,380628.980813,0,0,0,26939.899654,25145.048482,15853.365856,12791.643997,23035.56213,26414.878594,20855.655296,19129.101158,0,20883.485251,-4300.707612
"127740",127740,"M","DBRU",44.0301369863014,19.6,378078.811683,0,0,0,44765.694691,42546.992151,36429.421914,26817.698292,31854.750808,43910.71387,40470.927321,34774.315269,38264.695442,36063.463096,-19793.774376
"128318",128318,"F","DBRU",56.3671232876712,11.9232876712329,221640.159609,0,0,0,23027.977425,22651.384097,12135.711969,0,0,22998.776681,16829.560138,18771.194903,0,18463.449887,-4777.974894
"128864",128864,"M","DBRU",55.5369863013699,7.92054794520548,586094.804801,0,0,0,17621.632031,22786.862425,9358.727189,10858.648701,23619.807022,19834.669941,13010.289633,14526.987486,12486.198601,16835.190053,-3992.600393
"130466",130466,"M","DBSU",41.1945205479452,17.5123287671233,407396.986403,0,0,0,52117.298258,46785.113883,35037.570424,30086.627226,36515.927941,50012.309207,42864.509191,39894.305752,38355.420686,39765.635681,-20256.509765
"130787",130787,"F","DBSU",41.6931506849315,9.25753424657534,168818.041124,0,0,0,15176.126896,14205.248187,9074.97293,7100.43147,12841.819506,14897.300451,11843.727936,10697.018455,10531.719061,11750.223926,-3653.25212
"132161",132161,"F","DBSU",41.027397260274,18.4328767123288,425199.994671,0,0,0,48668.955106,49123.613711,42091.640663,32355.386177,36585.198201,48892.879766,45313.484279,39770.034864,44165.750811,41367.380753,-22180.593468
"132311",132311,"M","DBSU",46.1972602739726,9.00547945205479,178100.1411,0,0,0,17103.448374,16677.709573,9826.99399,6815.271775,13950.242874,17119.104323,13096.735352,11217.512545,11713.484223,12862.924444,-4004.049886
"134545",134545,"M","DBSU",41.6082191780822,19.6,166792.932474,0,0,0,21861.45744,20777.94759,17790.414339,13096.501102,0,21443.925065,19764.095281,16982.138187,18686.675514,17611.697284,-8877.669406
"134810",134810,"M","DBSU",57.2054794520548,20.2657534246575,150203.441391,0,0,0,20164.698143,18923.097156,12950.292,10211.828517,12903.610293,19700.189463,16215.097769,14471.059003,14576.254028,14734.079387,-7946.678744
"135316",135316,"M","DBSU",56.786301369863,18.9287671232877,425012.013054,0,0,0,51601.102303,46232.603624,36048.549201,31935.706576,38264.799824,49468.17084,43252.216181,40882.375937,38967.599096,40643.905156,-20000.889596
"135345",135345,"F","DBSU",57.786301369863,8.83835616438356,413285.448599,0,0,0,36005.88031,35081.431194,20563.96308,17960.281867,30768.72648,35898.516347,27455.024461,26186.631753,24481.367132,28218.205389,-7846.415251
"135496",135496,"F","DBSU",41.6082191780822,18.5150684931507,169298.308659,0,0,0,22382.704518,21792.251703,13499.293232,11434.585462,14268.371227,22204.473955,17458.035171,16201.090897,15687.240123,16377.894018,-8875.286905
"135674",135674,"M","DBSU",53.2876712328767,9.17260273972603,240246.716614,0,0,0,21652.419029,20778.440152,11465.749007,14585.690008,20009.33918,21419.572156,15871.812027,18268.020041,13862.40182,17903.189379,-5331.315326
"136003",136003,"F","DBSU",57.0383561643836,9.33972602739726,151403.334755,0,0,0,0,16669.993616,10925.172767,7656.257434,14670.399992,17495.750235,0,12039.930906,12592.080527,13574.03799,-3220.066129
"136380",136380,"F","DBSU",57.1232876712329,19.8465753424658,197943.331594,0,0,0,33475.684201,32201.132667,0,13333.181116,16990.311487,33081.698112,26367.898338,0,23715.965869,22359.974928,-10449.537911
"137692",137692,"F","DBSU",42.1123287671233,10.0904109589041,429129.570876,0,0,0,48819.523512,0,24987.148137,32681.870519,44817.975772,48421.670952,35186.807603,0,30585.090102,40045.819951,-10249.388278
"137755",137755,"M","DBSU",60.958904109589,9.00547945205479,252216.687465,0,0,0,25844.275432,25200.960084,14849.142337,0,21079.604024,25867.932454,19789.906006,16950.294322,17699.73551,19436.604533,-5578.64066
"138198",138198,"F","DBSU",57.1232876712329,19.3479452054795,440961.891709,0,0,0,40589.202351,37884.976339,23885.592854,19272.626597,34706.702867,39798.175424,31422.329847,28821.004074,27829.08898,31464.260058,-16405.005853
"138506",138506,"M","DBSU",40.5260273972603,9.75616438356164,406887.893152,0,0,0,36661.723908,30951.472574,19391.124543,21395.437914,33131.88626,34480.989061,26876.728527,28822.258839,22596.717375,28631.889029,-8694.314744
"138743",138743,"M","DBSU",38.6931506849315,9.17260273972603,159649.767062,0,0,0,15987.285918,15341.97464,8465.85351,10769.493983,14774.10104,15815.361038,11719.115382,13488.380173,10235.446723,0,-3599.889297
"140087",140087,"F","ABSU",56.9561643835616,20.5150684931507,444075.820418,0,0,0,58260.900998,56723.986056,35137.888985,29763.572629,37139.755062,57796.977026,45442.268064,42170.513937,40832.989731,42630.72236,40084.882275
"140720",140720,"M","ABSU",52.7013698630137,18.5150684931507,271967.626034,0,0,0,35681.021588,34739.760909,21519.677072,18228.257018,22745.690153,35396.898257,27830.440656,25826.703542,25007.556751,26108.55134,27026.178788
"141695",141695,"M","ABSU",53.8684931506849,9.50684931506849,177135.511266,0,0,0,15764.719147,14193.879626,8995.746448,8119.109221,14347.892442,15232.75356,12016.614826,11654.231344,10463.946568,12400.996568,43198.820413
"142572",142572,"M","ABSU",42.2794520547945,19.2657534246575,177238.455818,0,0,0,15487.19764,14396.432421,8341.997867,9352.83692,13909.614895,15132.775792,11454.798324,12382.9516,9947.058095,12436.404535,27802.052831
"142633",142633,"M","ABSU",42.2794520547945,19.2657534246575,408872.163471,0,0,0,36231.182431,32860.300891,20163.576006,19576.7804,32117.386458,35089.153829,27258.866335,27414.51867,23654.210755,28476.204048,64911.663548
"143051",143051,"F","ABSU",40.9452054794521,21.2657534246575,159014.248277,0,0,0,20363.366668,20371.35751,15280.475639,10429.792102,12595.710651,20393.068076,17684.545902,14650.742782,16709.381071,15402.529479,20644.052794
"144150",144150,"F","ABSU",38.6931506849315,9.08767123287671,288033.005817,0,0,0,28908.956515,0,17127.073436,15596.289002,25995.461456,27803.976167,22447.564263,21859.01258,19622.796142,22991.810242,83614.136509
"144164",144164,"F","ABSU",43.0301369863014,18.7616438356164,401212.405765,0,0,0,53748.259492,54398.996443,33783.944776,19381.897705,24990.406443,54225.427499,42828.471066,32768.369608,39292.833056,35160.780944,65879.115501
"145956",145956,"F","ABSU",56.786301369863,9.17260273972603,146502.669943,0,0,0,15901.545298,14586.250902,9126.338081,9273.775287,12094.309162,15438.923564,12122.111256,12442.198464,10603.845777,12322.122268,33550.354519
"145990",145990,"M","ABSU",40.7753424657534,9.50684931506849,419125.895728,0,0,0,27156.110582,32595.111693,14833.76064,14852.914477,32119.853138,29623.358164,20316.150004,21046.835893,19161.967445,24402.165273,143367.985099
"147833",147833,"M","ABSU",60.1260273972603,9.33972602739726,194619.3193,0,0,0,17497.975793,16131.659482,9887.414868,9372.58724,15157.773909,17057.216311,13265.067394,13181.983259,11603.021599,13750.763606,43081.604742
"148346",148346,"F","ABSU",58.0383561643836,19.6849315068493,191032.083268,0,0,0,19122.373932,19373.229181,9835.053362,11210.539895,15433.02073,19327.844983,13806.424745,15023.504059,12183.522093,15009.163477,20012.928602
"148854",148854,"F","ABSU",55.6191780821918,9.33972602739726,411646.889896,0,0,0,41041.792163,37311.231159,22026.312179,25558.578391,37781.132425,39744.185586,30300.315139,0,26117.165129,33145.386455,114954.199366
"149073",149073,"M","ABSU",61.041095890411,19.5150684931507,324272.644022,0,0,0,32345.190804,29122.227962,18456.981859,16658.345415,29438.223057,31253.732831,24655.034813,23911.516151,0,25443.688302,23643.775461
"149498",149498,"M","ABSU",38.8602739726027,10.1753424657534,146522.826177,0,0,0,0,17827.193693,0,12514.025067,17167.331263,18377.263108,13617.473939,0,11893.468445,15360.326494,39098.850003
"149764",149764,"F","ABSU",46.9506849315068,10.5095890410959,263324.907299,0,0,0,23743.378546,23682.420238,12305.152477,15675.482731,21353.462302,23849.430331,17215.78215,19818.909199,15142.868403,19496.840654,69028.753192
"149798",149798,"M","ABSU",45.6958904109589,9.00547945205479,196850.34497,0,0,0,17026.686889,15785.007219,8837.721182,11807.574315,16250.817136,16615.802148,12358.797355,14578.443791,10643.850423,14104.79222,59013.143263
"149800",149800,"M","ABSU",55.8712328767123,10.1753424657534,429111.171264,0,0,0,38717.959752,35303.811332,20291.164237,22859.789513,34157.09264,37542.63869,28249.352637,30610.93083,24254.52943,30554.751281,96800.055352
"151176",151176,"M","IBRU",56.2054794520548,13.0082191780822,676917.021331,0,0,0,27192.768876,28895.613409,16593.641372,13715.867203,28750.126657,28236.004551,21491.431518,20176.503541,19963.961045,23387.618177,713165.995058
"151288",151288,"M","IBRU",41.8602739726027,13.1753424657534,578135.064111,0,0,0,35520.371189,33741.769867,22707.961709,14696.423935,28235.68661,35108.085421,28675.141134,23575.5633,25972.698542,26998.772122,627924.320875
"151343",151343,"M","IBRU",58.7890410958904,22.7643835616438,198671.735122,0,0,0,23099.073624,20430.519073,16090.430844,14316.566292,16952.955928,22030.40267,19336.735678,18316.845729,0,18110.510458,111096.854525
"151821",151821,"F","IBRU",57.5369863013699,20.0958904109589,386932.247622,0,0,0,47437.539472,45487.04395,27677.135197,21404.687937,27064.038494,46813.622472,36400.522551,32288.802001,32364.545442,32842.370556,301277.252212
"151825",151825,"M","IBRU",57.7041095890411,20.5150684931507,373497.438816,0,0,0,27751.291623,27680.043473,14382.278167,18321.524536,24957.954419,0,20121.828494,23164.366762,17699.004218,22787.93263,296027.338023
"151895",151895,"F","IBRU",42.7780821917808,13.2602739726027,184730.177365,0,0,0,14679.44542,16893.153595,0,6075.610941,13001.802493,0,11605.485064,9844.123269,0,0,216494.56361
"153155",153155,"M","IBRU",44.4438356164384,21.6,351728.17459,0,0,0,27920.14026,28134.342575,15020.560701,16974.199299,23449.815573,0,20622.881667,22342.657705,18333.249409,22433.428382,368704.446257
"153296",153296,"F","IBRU",42.9479452054794,21.5150684931507,379114.7633,0,0,0,51230.123603,49385.912986,30836.385793,20937.660795,27140.645844,50694.484287,39951.912108,33351.23263,0,34753.174245,359600.887874
"154046",154046,"M","IBRU",38.6931506849315,12.427397260274,213441.765017,0,0,0,13334.821485,12044.300338,7098.121172,8405.242564,12398.317491,12879.617278,9804.401454,10891.646171,8420.723091,10784.648658,227006.311264
"154688",154688,"F","IBRU",57.7041095890411,12.6794520547945,194821.381844,0,0,0,21808.422888,21009.229487,13836.791426,11023.958149,13712.181608,21542.62201,17443.559256,15696.466283,15781.912289,16000.854714,137513.962202
"155026",155026,"M","IBRU",58.2054794520548,19.8465753424658,462463.192346,0,0,0,0,0,0,0,0,450938.572245,0,0,0,0,264734.590302
"155180",155180,"F","IBRU",58.1232876712329,11.1753424657534,682629.880449,0,0,0,41940.488034,39840.414049,26812.304164,17352.723847,33339.135734,41453.683821,33858.019309,27836.720095,30667.124694,31878.655577,674001.053741
"155759",155759,"M","IBRU",37.772602739726,22.3506849315068,368489.665613,0,0,0,41534.510872,39741.454941,26622.249017,18633.397853,23705.400891,41000.436408,33436.841899,28356.825844,30287.077125,29507.329604,363777.230255
"155765",155765,"F","IBRU",41.5260273972603,13.2602739726027,627020.311317,0,0,0,39671.978248,35980.971491,22078.466532,21435.944236,35167.504106,38421.493697,29847.580999,30018.015294,25900.599195,31180.5266,693787.754638
"156527",156527,"F","IBRU",40.1123287671233,8.59178082191781,594319.059935,0,0,0,21704.851891,0,12312.905815,12175.651414,26376.760371,23544.074553,16545.293324,17035.230186,15656.102755,19799.673238,704060.200494
"158316",158316,"M","IBRU",52.6164383561644,12.9232876712329,241284.698614,0,0,0,14045.030102,13019.869185,7396.834814,9866.815517,13735.397555,13705.723533,10269.339199,12104.155801,8869.770622,11756.406864,227578.869656
"158744",158744,"M","IBRU",45.358904109589,13.758904109589,192636.032197,0,0,0,0,0,9069.711142,6669.644781,13508.76293,14458.211716,11448.864103,0,10625.142568,0,214941.954934
"158834",158834,"F","IBRU",56.1232876712329,6.17260273972603,448590.569244,0,0,0,19581.315791,21161.562934,11656.431332,8966.750862,18973.272582,20462.674629,15282.179624,13831.790532,14198.214398,16196.075756,468496.423138
"158989",158989,"M","IBRU",60.8739726027397,12.7561643835616,183629.113013,0,0,0,14307.07503,12974.032831,7327.056141,9224.785239,0,13840.202702,10316.22143,0,8802.95639,11515.430472,154409.504665
"159147",159147,"M","IBRU",43.4438356164384,6.08767123287671,485785.809126,0,0,0,19785.966543,22038.702508,12207.511378,9727.300612,20588.342928,20930.586266,15723.745957,14492.053786,14844.661747,17068.072861,531127.20823
"159382",159382,"M","IBRU",57.8712328767123,6.83835616438356,457985.176361,0,0,0,23950.14299,22926.973707,14398.028808,10456.355807,21401.284744,23801.279458,18762.667954,16457.910513,0,18796.544701,434058.396258
"160323",160323,"F","DBMB",42.1123287671233,19.013698630137,178714.516758,0,0,0,24734.768909,23117.288338,16463.539433,11463.149459,14388.507296,24131.11261,20250.920922,17007.968986,18316.567434,17570.362287,13591.702449
"160787",160787,"M","DBMB",39.5260273972603,18.6,427544.059229,0,0,0,38133.234974,35012.925513,21681.24922,19185.498214,33696.59665,37135.003217,29014.261133,27859.897695,25394.517427,29771.490456,59465.561977
"161239",161239,"F","DBMB",42.027397260274,18.7616438356164,451780.186463,0,0,0,55662.168515,52691.164074,35447.188769,29875.405103,36976.570549,54597.284048,44604.196288,41266.038525,40171.834581,41653.381934,35256.395439
"161621",161621,"M","DBMB",42.358904109589,9.67671232876712,465293.176871,0,0,0,41037.652512,38069.31546,24368.848033,19229.685363,36427.141376,40163.60527,31918.387241,28959.555234,28273.446511,32015.57646,110967.619859
"162449",162449,"M","DBMB",45.4438356164384,18.3479452054795,381580.753609,0,0,0,37831.038043,35310.572717,22262.491491,17962.990839,32348.272951,37093.76389,29287.083436,26862.525953,25938.014618,0,56215.725344
"162857",162857,"M","DBMB",57.9561643835616,19.0958904109589,176412.187674,0,0,0,16024.59873,15346.873076,9664.731385,7451.554056,13491.27321,15877.457826,12559.9267,11260.83691,11265.055923,12459.57914,25904.668445
"162926",162926,"F","DBMB",55.6191780821918,18.4328767123288,454799.041969,0,0,0,40819.139887,37273.355562,24784.428045,17765.370416,33774.125847,39705.742343,32106.682845,27767.925397,28441.564615,30996.404962,67543.934772
"163711",163711,"M","DBMB",53.8684931506849,10.1753424657534,299526.27637,0,0,0,26338.319641,25275.198934,13947.105027,17742.246956,24339.653247,26055.081294,19306.704617,22221.487142,16862.42861,21777.701781,66298.086131
"164048",164048,"F","DBMB",56.2904109589041,20.2657534246575,188777.223865,0,0,0,17860.420207,17510.622369,9342.789862,12429.385033,16991.701925,17819.584404,0,15314.503993,11408.864404,14976.035108,22759.647051
"165181",165181,"F","DBMB",41.6931506849315,9.59178082191781,204069.299236,0,0,0,17986.257325,18986.213508,11941.256795,8207.638623,17042.888392,18602.566978,0,12652.418023,13965.258597,15004.940027,52769.840387
"166674",166674,"M","DBMB",61.7068493150685,9.67671232876712,319286.339004,0,0,0,28160.227751,26123.34108,16722.016701,13195.499408,24996.473596,27560.452474,21902.545568,19872.181303,19401.37031,21969.237262,77605.922812
"166968",166968,"M","DBMB",41.5260273972603,20.013698630137,155427.996947,0,0,0,16677.300779,16301.5897,8787.895612,9677.180326,12749.67385,16614.106684,12187.553591,13016.548856,10689.577479,12874.513597,13266.841094
"167851",167851,"F","DBMB",56.4520547945205,8.75342465753425,376957.514099,0,0,0,35450.545253,32152.553342,20736.444474,0,30865.268594,34381.226457,27364.817887,24802.148292,24004.817238,27249.028062,96686.667348
"167953",167953,"F","DBMB",42.1123287671233,9.59178082191781,425958.00238,0,0,0,33788.772943,35667.278949,22432.705549,15418.774057,32016.571084,34946.565058,27836.602979,23768.684727,26234.971694,28188.105087,110640.278292
"168177",168177,"M","DBMB",41.7753424657534,10.1753424657534,136700.449118,0,0,0,15657.312364,15151.977222,9476.404384,7231.334182,13170.057631,15578.114036,0,10965.097575,0,12188.796091,28804.05521
"168344",168344,"F","DBMB",56.2904109589041,10.0082191780822,193129.793337,0,0,0,18095.594995,17645.159693,10397.043881,7210.61596,14759.476545,18112.159122,13856.458271,11868.224431,12392.966719,13609.084326,43811.177198
"169927",169927,"M","DBMB",57.1232876712329,20.2657534246575,401379.417411,0,0,0,34177.452234,33508.083947,17878.233016,23784.6987,32515.084986,34099.309409,24899.528173,29305.6223,21831.844587,28657.93294,54575.045324
"170467",170467,"M","ABRU",42.9479452054794,13.8438356164384,221588.318366,0,0,0,10178.460949,11611.996011,5803.518082,5230.432524,11101.21818,0,7778.177602,7623.684014,0,8852.077703,331472.507153
"171460",171460,"M","ABRU",60.5397260273973,14.5123287671233,201686.484128,0,0,0,11778.360522,10604.732624,6721.029652,6066.064015,10719.800863,11380.910849,8978.023672,8707.274586,7817.972145,9265.208409,187275.191882
"171480",171480,"F","ABRU",57.2054794520548,13.8438356164384,661159.065643,0,0,0,0,30797.357267,15392.101376,13872.1628,29442.671362,28851.326303,20629.297001,20219.548822,19325.735114,23477.496833,870927.672026
"171567",171567,"M","ABRU",58.2904109589041,12.5095890410959,645341.240812,0,0,0,40892.566728,37598.437009,22477.557475,22692.821689,36241.632862,39818.912772,30566.579581,31352.279842,26566.843831,32305.177359,647340.78489
"171745",171745,"M","ABRU",58.5397260273973,8.33972602739726,404675.219046,0,0,0,25649.937358,24874.598071,13152.257729,18068.55809,24616.817752,25479.284508,18500.059719,22127.535712,16104.25819,21462.942807,481546.798756
"171767",171767,"F","ABRU",56.2904109589041,20.6,398225.883168,0,0,0,35258.969572,30586.042536,18788.884885,20110.632748,31866.506779,33528.655832,0,0,22025.256241,0,457246.005549
"172002",172002,"F","ABRU",57.2904109589041,6.59178082191781,421818.283646,0,0,0,23687.066505,21844.205721,14156.923446,10988.275918,20831.443306,23127.859069,18483.219893,16631.740925,16364.736574,18410.598609,611867.950093
"172837",172837,"M","ABRU",41.8602739726027,20.2657534246575,419025.580419,0,0,0,50185.343657,47095.281422,32230.328956,25414.916695,32114.148814,49029.287287,40355.687359,36015.171862,36276.978334,36669.769727,455702.844175
"173078",173078,"M","ABRU",41.8602739726027,21.4328767123288,159156.926119,0,0,0,16917.127737,16040.154885,15931.306216,15469.545029,15812.388663,16568.050507,16418.526262,16189.033419,15971.677972,16042.596282,161490.276637
"174922",174922,"M","ABRU",53.2027397260274,13.9260273972603,201339.827402,0,0,0,23282.906096,20860.588645,16265.446831,14409.693284,17265.440103,0,19515.809602,18446.515238,17582.549792,18338.914963,188383.297485
"175350",175350,"F","ABRU",42.2794520547945,6.59178082191781,405180.771255,0,0,0,18231.190928,19244.764334,12103.870673,8319.408763,17274.975368,18855.893374,15019.616858,12824.716366,14155.434965,15209.27459,696080.482158
"176289",176289,"F","ABRU",43.358904109589,20.0958904109589,296420.724528,0,0,0,36557.213311,34262.623658,23842.134161,18045.598076,22679.47179,35705.056847,29624.988707,25931.899806,26709.019358,26528.942254,337808.928149
"177725",177725,"M","ABRU",41.7753424657534,7.75342465753425,473914.039562,0,0,0,26889.843771,24388.260605,15728.947137,12386.479767,23411.833148,26078.74721,20756.681528,18812.852892,18208.063675,20668.852969,752951.240143
"177992",177992,"F","ABRU",42.5287671232877,13.5095890410959,192031.965061,0,0,0,21534.61233,21479.324767,11160.445753,0,0,21630.798476,0,17975.223095,13734.178562,0,278967.042342
"178085",178085,"M","ABRU",55.9561643835616,19.9287671232877,453048.102973,0,0,0,52390.411647,46939.794448,36599.961001,32424.206831,38850.112204,0,43913.817907,41507.72772,39563.661752,41265.609203,366890.969633
"178230",178230,"M","ABRU",40.6931506849315,14.1780821917808,608232.88724,0,0,0,40281.285532,38655.37054,21330.416199,27134.62838,37224.566166,39848.106616,29527.27782,33985.086395,25789.052258,33306.370171,845039.014304
"179037",179037,"M","ABRU",56.6191780821918,22.1835616438356,195858.476968,0,0,0,27190.492851,25919.636877,19753.538032,15032.138454,0,26716.402918,23236.94112,20341.225748,21498.674664,20895.171903,134567.952108
"179185",179185,"F","ABRU",57.2054794520548,13.0082191780822,172763.733971,0,0,0,11026.438175,11188.842349,7080.239472,4248.349423,8522.20063,11193.480813,8921.205442,7064.111228,8250.822006,8337.068886,211191.486202
"179426",179426,"F","ABRU",41.2794520547945,12.2602739726027,643741.270743,0,0,0,41066.012374,37245.307286,22854.282036,22189.182141,36403.255461,39771.587032,30896.395511,31072.818699,26810.720666,32276.179504,959284.176918
"180736",180736,"F","IBSU",56.6191780821918,19.3479452054795,446243.869092,0,0,0,43595.573329,40191.445695,24634.136257,0,37765.045043,42497.437035,33049.435269,32842.434152,28908.508331,34259.5298,130830.801342
"180939",180939,"F","IBSU",55.7041095890411,9.84109589041096,370245.005148,0,0,0,25314.876931,28880.225744,14433.945048,13008.622452,27609.868862,27055.334957,19345.12592,18960.884512,18122.710593,22016.025679,192170.334927
"181134",181134,"M","IBSU",54.3671232876712,19.6849315068493,369495.793742,0,0,0,44052.140918,42680.34537,35484.676433,27681.06585,32551.334839,43542.318075,39622.174283,35038.831617,37598.968632,36156.616562,85053.738296
"182483",182483,"F","IBSU",41.9452054794521,10.6794520547945,150790.738253,0,0,0,15026.076839,13112.548262,8062.759174,8605.708116,13508.741712,14322.74427,0,11702.772685,9448.828026,11792.087956,74027.071287
"182618",182618,"M","IBSU",41.8602739726027,19.013698630137,402038.926016,0,0,0,48789.137166,48269.274223,43696.601324,30747.208325,35654.082095,48628.390491,46233.115038,38822.914171,45109.207447,40932.933453,123135.278448
"182756",182756,"M","IBSU",56.9561643835616,19.5150684931507,154525.494768,0,0,0,0,19215.685449,19180.33953,19092.626862,19208.08348,19761.214659,19645.765289,0,19200.273431,19376.848519,32690.772862
"183312",183312,"F","IBSU",42.1123287671233,9.33972602739726,436079.304594,0,0,0,42948.81304,39595.187198,24268.677568,23005.03223,37204.78331,41866.968101,32559.131766,0,28479.637375,33751.273991,223169.823057
"184374",184374,"M","IBSU",54.1205479452055,10.5945205479452,279382.987881,0,0,0,26747.838914,26953.047375,14389.882511,16261.492396,22465.212698,26977.066278,19756.975131,21404.541798,17563.479173,21491.501227,114279.420581
"184528",184528,"M","IBSU",46.5315068493151,8.25753424657534,318217.123821,0,0,0,28024.754058,25417.383285,15596.489559,15142.604219,24842.740315,27141.397,21084.683791,21205.08059,18296.489221,22026.292309,161859.034584
"185200",185200,"F","IBSU",40.6931506849315,18.8465753424658,418313.339222,0,0,0,48669.606914,48108.700002,41742.362331,31374.340292,36656.543687,48492.787133,45159.476877,39202.471886,43661.432729,40969.49689,136462.876301
"186358",186358,"M","IBSU",38.441095890411,9.17260273972603,286351.663307,0,0,0,0,27462.294145,17175.567309,13106.476036,23870.151814,28234.648431,22281.582328,19873.758423,20060.901544,22091.658311,151956.060779
"186645",186645,"F","IBSU",57.7041095890411,19.4328767123288,204725.588167,0,0,0,20549.991289,18387.022147,11813.723547,10242.3909,18184.125752,19807.009934,15722.660933,14946.37845,0,15975.3187,58381.112851
"187469",187469,"M","IBSU",42.1945205479452,19.0958904109589,141845.236833,0,0,0,12924.469201,12377.856802,7794.986023,6009.971452,10881.242521,12805.794273,10130.074926,9082.307911,9085.710711,10049.140672,48447.513349
"187855",187855,"F","IBSU",56.8712328767123,9.92328767123288,165359.243556,0,0,0,0,0,8285.994226,0,20912.414761,17561.144512,11519.000672,0,11054.982951,14905.476436,87784.772673
"188378",188378,"M","IBSU",59.8739726027397,10.5095890410959,292492.950278,0,0,0,38255.785448,37246.602835,23072.549842,19543.618948,24387.03276,37951.159608,29838.7019,27690.373917,26812.117005,27992.560021,92678.500032
"188562",188562,"F","IBSU",40.2794520547945,19.9287671232877,194707.445081,0,0,0,16583.227748,15665.509229,9821.237523,8515.363505,14530.060997,16328.411104,12874.747499,12236.01247,11453.433625,13147.776087,70822.895156
